Sequence_number,Sequence_ID,V_DOMAIN_Functionality,V_GENE_and_allele,J_GENE_and_allele,D_GENE_and_allele,JUNCTION_frame,JUNCTION,Sequence
1,SampleP01A01_1-251,productive,Musmus TRAV13D-2*01 F,Musmus TRAJ34*02 (F),NA,in-frame,tgtgctatttcttccaataccaacaaagtcgtcttt,gcagagataagcccagggttttcccagtcacgactgcaggagggggagaacgcagagctgcagtgtaacttttcctccacagcaacccggctgcagtggttttaccaacatcctgggggaagactcgtcagcctgttctacaatccttctgggacaaagcacactggaagactgacatccaccacagtcactaacgaacgtcgcagctctttgcacatttcctcctcccagacaacagactcaggcacttatttctgtgctatttcttccaataccaacaaagtcgtctttggaacagggaccagattacaagtattaccaaacatccagaacccagaacctgctgtgtaccagttaaaagatcctcggtctcaggacagcatgaac
2,SampleP01A01_2-45,productive,Musmus TRAV13D-2*01 F,Musmus TRAJ34*02 (F),NA,in-frame,tgtgctatttcttccaataccaacaaagtcgtcttt,gcagagataagcccagggttttcccagtcacgactgcaggagggggagaacgcagagctgcagtgtaacttttcctccacagcaacccggctgcagtggttttaccaacatcctgggggaagactcgtcagcctgttctacaatccttctgggacaaagcacactggaagactgacatccaccacagtcactaacgaacgtcgcagctctttgcacatttcctcctcccagacaacagactcaggcacttatttctgtgctatttcttccaataccaacaaagtcgtctttggaacagggaccagattacaagtattaccaaacatccagaacccagaacctgctgtgtgccagttaaaagatcctcggtctcaggacagcatgaac
3,SampleP01A01_3-4,productive,Musmus TRAV13D-2*01 F,Musmus TRAJ34*02 (F),NA,in-frame,tgtgctatttcttccaataccaacaaagtcgtcttt,gcagagataagcccagggttttcccagtcacgactgcaggagggggagaacgcagagctgcagtgtaacttttcctccacagcaacccggctgcagtggttttaccaacatcctgggggaagactcgtcagcctgttctacaatccttctgggacaaagcacactggaagactgacatccaccacagtcactaacgaacgtcgcagctctttgcacatttcctcctcccagacaacagactcaggcacttatttctgtgctatttcttccaataccaacaaagtcgtctttggaacagggaccagattacaagtattaccaagcatccagaacccagaacctgctgtgtgccagttaaaagatcctcggtctcaggacagcatgaac
4,SampleP01A01_4-3,productive,Musmus TRAV13D-2*01 F,Musmus TRAJ34*02 (F),NA,in-frame,tgtgctatttcttccaataccaacaaagtcgtcttt,gcagagataagcccagggttttcccagtcacgactgcaggagggggagaacgcagagctgcagtgtaacttttcctccacagcaacccggctgcagtggttttaccaacatcctgggggaagactcgtcagcccgttctacaatccttctgggacaaagcacactggaagactgacatccaccacagtcactaacgaacgtcgcagctctttgcacatttcctcctcccagacaacagactcaggcacttatttctgtgctatttcttccaataccaacaaagtcgtctttggaacagggaccagattacaagtattaccaaacatccagaacccagaacctgctgtgtaccagttaaaagatcctcggtctcaggacagcatgaac
5,SampleP01A01_5-3,productive,Musmus TRAV13D-2*01 F,Musmus TRAJ34*02 (F),NA,in-frame,tgtgctatttcttccaataccaacaaagtcgtcttt,gcagagataagcccagggttttcccagtcacgactgcaggagggggagaacgcagagctgcagtgtaacttttcctccacagcaacccggctgcagtggttttaccaacatcctgggggaagactcgtcagcctgttctacaatccttctgggacaaagcacactggaagactgacatccaccacagtcactaacgaacgtcgcagctctttgcacatttcctcctcccagacaacagactcaggcacttatttctgtgctatttcttccaataccaacaaagtcgtctttggagcagggaccagattacaagtattaccaaacatccagaacccagaacctgctgtgtaccagttaaaagatcctcggtctcaggacagcatgaac
6,SampleP01A01_6-3,productive,Musmus TRAV13D-2*01 F,Musmus TRAJ34*02 (F),NA,in-frame,tgtgctatttcttccaataccaacaaagtcgtcttt,gcagagataagcccagggtttcccagtcacgactgcaggagggggagaacgcagagctgcagtgtaacttttcctccacagcaacccggctgcagtggttttaccaacatcctgggggaagactcgtcagcctgttctacaatccttctgggacaaagcacactggaagactgacatccaccacagtcactaacgaacgtcgcagctctttgcacatttcctcctcccagacaacagactcaggcacttatttctgtgctatttcttccaataccaacaaagtcgtctttggaacagggaccagattacaagtattaccaaacatccagaacccagaacctgctgtgtaccagttaaaagatcctcggtctcaggacagcatgaac
7,SampleP01A01_7-2,productive,Musmus TRAV13D-2*01 F,Musmus TRAJ34*02 (F),NA,in-frame,tgtgctatttcttccaataccaacaaagtcgtcttt,gcagagataagcccagggttttcccagtcacgactcaggagggggagaacgcagagctgcagtgtaacttttcctccacagcaacccggctgcagtggttttaccaacatcctgggggaagactcgtcagcctgttctacaatccttctgggacaaagcacactggaagactgacatccaccacagtcactaacgaacgtcgcagctctttgcacatttcctcctcccagacaacagactcaggcacttatttctgtgctatttcttccaataccaacaaagtcgtctttggaacagggaccagattacaagtattaccaaacatccagaacccagaacctgctgtgtaccagttaaaagatcctcggtctcaggacagcatgaac
8,SampleP01A01_8-2,productive,Musmus TRAV13D-2*01 F,Musmus TRAJ34*02 (F),NA,in-frame,tgtgctatttcttccaataccaacaaagtcgtcttt,gcagagataagcccagggttttcccagtcacgactgcaggagggggagaacgcagagctgcagtgtaacttttcctccacagcaacccggctgcagtggttttaccaacatcctgggggaagactcgtcagcctgttctacaatccttctgggacaaagcacactggaagactgacatccaccacagtcactaacgaacgtcgcagctctttgcacatttcctcctcccagacaacagactcaggcacctatttctgtgctatttcttccaataccaacaaagtcgtctttggaacagggaccagattacaagtattaccaaacatccagaacccagaacctgctgtgtaccagttaaaagatcctcggtctcaggacagcatgaac
9,SampleP01A01_9-2,No results,NA,NA,NA,NA,NA,NA
10,SampleP01A01_10-2,productive,"Musmus TRAV13-2*01 F, or Musmus TRAV13D-4*03 F or Musmus TRAV13N-2*01 F",Musmus TRAJ34*02 (F),NA,in-frame,tgtgctatttcttccaataccaacaaagtcgtcttt,gcagagataagcccagggttttcccagtcacgacggagaaggtccacagctctttgcacatttcctcctcccagacaacagactcaggcacttatttctgtgctatttcttccaataccaacaaagtcgtctttggaacagggaccagattacaagtattaccaaacatccagaacccagaacctgctgtgtaccagttaaaagatcctcggtctcaggacagcatgaaccaagatcggaagatctctgcagagataagcccagggttttcccagtcacgacggagaaggtccacagctctttgcacatttcctcctcccagacaacagactcaggcacttatttctgtgctatttcttccaataccaacaaagtcgtctttggaacagggaccagattacaagtattaccaaacatccagaacccagaacctgctgtgtaccagttaaaagatcctcggtctcaggacagcatgaac
11,SampleP01A02_1-1,No results,NA,NA,NA,NA,NA,NA
12,SampleP01A02_2-1,No results,NA,NA,NA,NA,NA,NA
13,SampleP01A02_3-1,No results,NA,NA,NA,NA,NA,NA
14,SampleP01A02_4-1,No results,NA,NA,NA,NA,NA,NA
15,SampleP01A02_5-1,No results,NA,NA,NA,NA,NA,NA
16,SampleP01A02_6-1,No results,NA,NA,NA,NA,NA,NA
17,SampleP01A02_7-1,No results,NA,NA,NA,NA,NA,NA
18,SampleP01A02_8-1,No results,NA,NA,NA,NA,NA,NA
19,SampleP01A02_9-1,No results,NA,NA,NA,NA,NA,NA
20,SampleP01A02_10-1,No results,NA,NA,NA,NA,NA,NA
21,SampleP01A03_1-149,unproductive,"Musmus TRAV6-6*01 F, or Musmus TRAV6D-6*01 F or Musmus TRAV6D-6*02 F",Musmus TRAJ31*01 F,NA,in-frame,tgtgctctgggtgatcggggtagcaataacagaatcttcttt,gcagagataagcccagggttttcccagtcacgacacggctggccagaagggaagcagcagagggtttgaagccacatacaataaagaaaccacctccttccacttgcagaaagcctcagtgcaagagtcagactcggctgtgtactactgtgctctgggtgatcggggtagcaataacagaatcttctttggtgatgggacgcagctggtggtgaagcccaacatccagaacccagaacctgctgtgtaccagttaaaagatcctcggtctcaggacagcatataa
22,SampleP01A03_2-92,unproductive,"Musmus TRAV6D-7*04 F, or Musmus TRAV6N-7*01 F",Musmus TRAJ31*02 (F),NA,in-frame,tgtgctctgggtggggacaataacagaatcttcttt,gcagagataagcccagggttttcccagtcacgacggagaaggtccacagctcctctttagagcctcaagggacaaagagaaaggaagcagcagaggttttgaagctacatatgataaagggaccacctccttccacttgcggaaagcctcagtgcaagagtcagactcggctgtgtactactgtgctctgggtggggacaataacagaatcttctttggtgatgggacgcagctggtggtgaagcccaacatccagaacccagaacctgctgtgtaccagttaaaagatcctcggtctcaggacagcatataa
23,SampleP01A03_3-72,unproductive,"Musmus TRAV6D-7*04 F, or Musmus TRAV6N-7*01 F",Musmus TRAJ31*01 F,NA,in-frame,tgtgctctgggtgatcggggtagcaataacagaatcttcttt,gcagagataagcccagggttttcccagtcacgacggagaaggtccacagctcctctttagagcctcaagggacaaagagaaaggaagcagcagaggttttgaagctacatatgataaagggaccacctccttccacttgcggaaagcctcagtgcaagagtcagactcggctgtgtactactgtgctctgggtgatcggggtagcaataacagaatcttctttggtgatgggacgcagctggtggtgaagcccaacatccagaacccagaacctgctgtgtaccagttaaaagatcctcggtctcaggacagcatataa
24,SampleP01A03_4-51,unproductive,"Musmus TRAV6-6*01 F, or Musmus TRAV6D-6*01 F or Musmus TRAV6D-6*02 F",Musmus TRAJ31*02 (F),NA,in-frame,tgtgctctgggtggggacaataacagaatcttcttt,gcagagataagcccagggttttcccagtcacgacacggctggccagaagggaagcagcagagggtttgaagccacatacaataaagaaaccacctccttccacttgcagaaagcctcagtgcaagagtcagactcggctgtgtactactgtgctctgggtggggacaataacagaatcttctttggtgatgggacgcagctggtggtgaagcccaacatccagaacccagaacctgctgtgtaccagttaaaagatcctcggtctcaggacagcatataa
25,SampleP01A03_5-11,unproductive,"Musmus TRAV6D-7*04 F, or Musmus TRAV6N-7*01 F",Musmus TRAJ31*02 (F),NA,in-frame,tgtgctctgggtggggacaataacagaatcttcttt,gcagagataagcccagggttttcccagtcacgacggagaaggtccacagctcctctttagagcctcaagggacaaagagaaaggaagcagcagaggttttgaagctacatatgataaagggaccacctccttccacttgcagaaagcctcagtgcaagagtcagactcggctgtgtactactgtgctctgggtggggacaataacagaatcttctttggtgatgggacgcagctggtggtgaagcccaacatccagaacccagaacctgctgtgtaccagttaaaagatcctcggtctcaggacagcatataa
26,SampleP01A03_6-11,unproductive,"Musmus TRAV6D-7*04 F, or Musmus TRAV6N-7*01 F",Musmus TRAJ31*01 F,NA,in-frame,tgtgctctgggtgatcggggtagcaataacagaatcttcttt,gcagagataagcccagggttttcccagtcacgacggagaaggtccacagctcctctttagagcctcaagggacaaagagaaaggaagcagcagaggttttgaagctacatatgataaagggaccacctccttccacttgcagaaagcctcagtgcaagagtcagactcggctgtgtactactgtgctctgggtgatcggggtagcaataacagaatcttctttggtgatgggacgcagctggtggtgaagcccaacatccagaacccagaacctgctgtgtaccagttaaaagatcctcggtctcaggacagcatataa
27,SampleP01A03_7-9,productive,"Musmus TRAV6-6*01 F, or Musmus TRAV6D-6*01 F or Musmus TRAV6D-6*02 F",Musmus TRAJ31*01 F,NA,in-frame,tgtgctctgggtgatcggggtagcaataacagaatcttcttt,gcagagataagcccagggttttcccagtcacgactgcaggagggggagaagggaagcagcagagggtttgaagccacatacaataaagaaaccacctccttccacttgcagaaagcctcagtgcaagagtcagactcggctgtgtactactgtgctctgggtgatcggggtagcaataacagaatcttctttggtgatgggacgcagctggtggtgaagcccaacatccagaacccagaacctgctgtgtaccagttaaaagatcctcggtctcaggacagcatataa
28,SampleP01A03_8-9,unproductive,"Musmus TRAV6-6*01 F, or Musmus TRAV6D-6*01 F or Musmus TRAV6D-6*02 F",Musmus TRAJ31*01 F,NA,in-frame,tgtgctctgggtgatcggggtagcaataacagaatcttcttt,gcagagataagcccagggttttcccagtcacgacacggctggccagaagggaagcagcagagggtttgaagccacatacaataaagaaaccacctccttccacttgcggaaagcctcagtgcaagagtcagactcggctgtgtactactgtgctctgggtgatcggggtagcaataacagaatcttctttggtgatgggacgcagctggtggtgaagcccaacatccagaacccagaacctgctgtgtaccagttaaaagatcctcggtctcaggacagcatataa
29,SampleP01A03_9-8,productive,"Musmus TRAV6-6*01 F, or Musmus TRAV6D-6*01 F or Musmus TRAV6D-6*02 F",Musmus TRAJ31*01 F,NA,in-frame,tgtgctctgggtgatcggggtagcaataacagaatcttcttt,gcagagataagcccagggttttcccagtcacgacgctgactgttcaagagggaagcagcagagggtttgaagccacatacaataaagaaaccacctccttccacttgcagaaagcctcagtgcaagagtcagactcggctgtgtactactgtgctctgggtgatcggggtagcaataacagaatcttctttggtgatgggacgcagctggtggtgaagcccaacatccagaacccagaacctgctgtgtaccagttaaaagatcctcggtctcaggacagcatataa
30,SampleP01A03_10-5,unproductive,"Musmus TRAV6-6*01 F, or Musmus TRAV6D-6*01 F or Musmus TRAV6D-6*02 F",Musmus TRAJ31*02 (F),NA,in-frame,tgtgctctgggtggggacaataacagaatcttcttt,gcagagataagcccagggttttcccagtcacgacacggctggccagaagggaagcagcagagggtttgaagccacatacaataaagaaaccacctccttccacttgcggaaagcctcagtgcaagagtcagactcggctgtgtactactgtgctctgggtggggacaataacagaatcttctttggtgatgggacgcagctggtggtgaagcccaacatccagaacccagaacctgctgtgtaccagttaaaagatcctcggtctcaggacagcatataa
31,SampleP01A04_1-143,unproductive,"Musmus TRAV6D-6*03 (F), or Musmus TRAV6D-6*04 (F) or Musmus TRAV6D-6*05 F or Musmus TRAV6N-6*01 F",Musmus TRAJ22*01 F,NA,in-frame,tgcgctctgagtgaggcctcttctggcagctggcaactcatcttt,gcagagataagcccagggttttcccagtcacgacacggctggccagaagggaagcagcagagggtttgaagccacatacaataaagaagccacctccttccacttgcagaaagcctcagtgcaagagtcagactcggctgtgtactactgcgctctgagtgaggcctcttctggcagctggcaactcatctttggatctggaacccaactgacagttatgcctgacatccagaacccagaacctgctgtgtaccagttaaaagatcctcggtctcaggacagcaacagg
32,SampleP01A04_2-124,productive,Musmus TRAV11N*01 P,Musmus TRAJ32*01 F,NA,in-frame,tgtgtggtgggcgcggggagcagtggcaacaagctcatcttt,gcagagataagcccagggttttcccagtcacgacaacaggacacaggcaaaggtcttgtgtcactgacagtcctggttcaccaaaaagacaaaacgtcaaacgggagatactcagcaactctggatagagatgctaagcacagcacgctgcacatcacagccaccctgctggatgacactgccacctacatctgtgtggtgggcgcggggagcagtggcaacaagctcatctttggaattgggactctgctttctgtcaagccaaacatccagaacccagaacctgctgtgtaccagttaaaagatcctcggtctcaggacagcaacagg
33,SampleP01A04_3-110,productive,Musmus TRAV11N*01 P,Musmus TRAJ32*01 F,NA,in-frame,tgtgtggtgggcgcggggagcagtggcaacaagctcatcttt,gcagagataagcccagggttttcccagtcacgacaacaggacacaggcaaaggtcttgtgtcactgacagtcctggttcaccaaaaagacaaaacgtcaaacgggagatactcagcaactctggatagagatgctaagcacagcacgctgcacatcacagccaccctgctggatgacactgccacctacatctgtgtggtgggcgcggggagcagtggcaacaagctcatctttggaattgggactctgctttctgtcaagccaagtatacatccagaacccagaacctgctgtgtaccagttaaaagatcctcggtctcaggacagcaacagg
34,SampleP01A04_4-16,unproductive,"Musmus TRAV6D-6*03 (F), or Musmus TRAV6D-6*04 (F) or Musmus TRAV6D-6*05 F or Musmus TRAV6N-6*01 F",Musmus TRAJ22*01 F,NA,in-frame,tgcgctctgagtgaggcctcttctggcagctggcaactcatcttt,gcagagataagcccagggttttcccagtcacgacacggctggccagaagggaagcagcagagggtttgaagccacatacaataaagaagccacctccttccacttgcagaaagcctcagtgcaagagtcagactcggctgtgtactactgcgctctgagtgaggcctcttctggcagctggcaactcatctttggatctggaacccaactgacagttatgcctgacatccagaacccagaacctgctgtgcaccagttaaaagatcctcggtctcaggacagcaacagg
35,SampleP01A04_5-15,productive,Musmus TRAV11N*01 P,Musmus TRAJ32*01 F,NA,in-frame,cgtgtggtgggcgcggggagcagtggcaacaagctcatcttt,gcagagataagcccagggttttcccagtcacgacaacaggacacaggcaaaggtcttgtgtcactgacagtcctggttcaccaaaaagacaaaacgtcaaacgggagatactcagcaactctggatagagatgctaagcacagcacgctgcacatcacagccaccctgctggatgacactgccacctacatccgtgtggtgggcgcggggagcagtggcaacaagctcatctttggaattgggactctgctttctgtcaagccaaacatccagaacccagaacctgctgtgtaccagttaaaagatcctcggtctcaggacagcaacagg
36,SampleP01A04_6-15,unproductive,"Musmus TRAV6D-6*03 (F), or Musmus TRAV6D-6*04 (F) or Musmus TRAV6D-6*05 F or Musmus TRAV6N-6*01 F",Musmus TRAJ22*01 F,NA,in-frame,tgcgctctgagtgaggcctcttctggcagctggcaactcatcttt,gcagagataagcccagggttttcccagtcacgacacggctggccagaagggaagcagcagagggtttgaagccacatacaataaagaagccacctccttccatttgcagaaagcctcagtgcaagagtcagactcggctgtgtactactgcgctctgagtgaggcctcttctggcagctggcaactcatctttggatctggaacccaactgacagttatgcctgacatccagaacccagaacctgctgtgtaccagttaaaagatcctcggtctcaggacagcaacagg
37,SampleP01A04_7-10,unproductive,"Musmus TRAV6D-6*03 (F), or Musmus TRAV6D-6*04 (F) or Musmus TRAV6D-6*05 F or Musmus TRAV6N-6*01 F",Musmus TRAJ22*01 F,NA,in-frame,tgcgctctgagtgaggcctcttctggcagctggcaactcatcttt,gcagagataagcccagggttttcccagtcacgacacggctggccagaagggaagcagcagagggtttgaagccacatacaataaagaagccacctccttccacttgcagaaagcctcagtgcaagagtcagactcggctgtgtactactgcgctctgagtgaggcctcttctggcagctggcaactcatctttggatctggaacccaactgacagttatgcctgacatccagaacccagaacctgctgtgtaccaattaaaagatcctcggtctcaggacagcaacagg
38,SampleP01A04_8-8,productive,Musmus TRAV11N*01 P,Musmus TRAJ32*01 F,NA,in-frame,cgtgtggtgggcgcggggagcagtggcaacaagctcatcttt,gcagagataagcccagggttttcccagtcacgacaacaggacacaggcaaaggtcttgtgtcactgacagtcctggttcaccaaaaagacaaaacgtcaaacgggagatactcagcaactctggatagagatgctaagcacagcacgctgcacatcacagccaccctgctggatgacactgccacctacatccgtgtggtgggcgcggggagcagtggcaacaagctcatctttggaattgggactctgctttctgtcaagccaagtatacatccagaacccagaacctgctgtgtaccagttaaaagatcctcggtctcaggacagcaacagg
39,SampleP01A04_9-6,unproductive,"Musmus TRAV6D-6*03 (F), or Musmus TRAV6D-6*04 (F) or Musmus TRAV6D-6*05 F or Musmus TRAV6N-6*01 F",Musmus TRAJ22*01 F,NA,in-frame,tgcgctctgagtgaggcctcttctggcagctggcaactcatcttt,gcagagataagcccagggttttcccagtcacgacacggctggccagaagggaagcagcagagggtttgaagccacatacaataaagaagccacctccttccatttgcagaaagcctcagtgcaagagtcagactcggctgtgtactactgcgctctgagtgaggcctcttctggcagctggcaactcatctttggatctggaacccaactgacagttatgcctgacatccagaacccagaacctgctgtgcaccagttaaaagatcctcggtctcaggacagcaacagg
40,SampleP01A04_10-4,productive,Musmus TRAV11N*01 P,Musmus TRAJ32*01 F,NA,in-frame,tgtgtggtgggcgcggggagcagtggcaacaagctcatcttt,gcagagataagcccagggttttcccagtcacgacaacaggacacaggcaaaggtcttgtgtcactgacagtcctggttcaccaaaaagacaaaacgtcaaacgggagatactcagcaactctggatagagatgctaagcacagcacgctgcacatcacagccaccctgctggatgacactgccacctacatctgtgtggtgggcgcggggagcagtggcaacaagctcatctttggaattgggactctgctttctgtcaagccaagtatacatccagaacccagaacctgctgtgcaccagttaaaagatcctcggtctcaggacagcaacagg
41,SampleP01A05_1-165,productive,"Musmus TRAV4D-4*03 (F), or Musmus TRAV4D-4*04 F or Musmus TRAV4N-4*01 F",Musmus TRAJ9*02 (F),NA,in-frame,tgtgctgctgaggccgtgggcatgggctacaaacttaccttc,gcagagataagcccagggttttcccagtcacgacgggtgaaggaacaaaggagaatgggaggctaaagtcagcatttgattctaaggagcgctacagcaccctgcacatcagggatgcccagctggaggactcaggcacttacttctgtgctgctgaggccgtgggcatgggctacaaacttaccttcgggacaggaacaagcttgttggttgatccaaacatccagaacccagaacctgctgtgtaccagttaaaagatcctcggtctcaggacagcagcggt
42,SampleP01A05_2-144,productive,"Musmus TRAV4D-4*03 (F), or Musmus TRAV4D-4*04 F or Musmus TRAV4N-4*01 F",Musmus TRAJ9*02 (F),NA,in-frame,tgtgctgctgaggccgtgggcatgggctacaaacttaccttc,gcagagataagcccagggttttcccagtcacgacgggtgcaggaacaaaggagaatgggaggctaaagtcagcatttgattctaaggagcgctacagcaccctgcacatcagggatgcccagctggaggactcaggcacttacttctgtgctgctgaggccgtgggcatgggctacaaacttaccttcgggacaggaacaagcttgttggttgatccaaacatccagaacccagaacctgctgtgtaccagttaaaagatcctcggtctcaggacagcagcggt
43,SampleP01A05_3-41,unproductive,"Musmus TRAV7-5*01 F, or Musmus TRAV7D-5*01 F",Musmus TRAJ22*01 F,NA,out-of-frame,tgtgcagttaatcttctggcagctggcaactcatcttt,gcagagataagcccagggttttcccagtcacgaccaagatttcaccgcacgttcagtgatggtacttctaacaacttcaggtggtacagacagcattctgcgaaaggccttgaggtgctagtgtccatcttctctgatggtgaaaaggaagaaggcagatttacagctcacctcaatagagccaacttgcatgtttccctacacatcagagaaccacaacccagtgactctgctgtctacctctgtgcagttaatcttctggcagctggcaactcatctttggatctggaacccaactgacagttatgcctgacatccagaacccagaacctgctgtgtaccagttaaaagatcctcggtctcaggacagcagcggt
44,SampleP01A05_4-23,productive,"Musmus TRAV4D-4*03 (F), or Musmus TRAV4D-4*04 F or Musmus TRAV4N-4*01 F",Musmus TRAJ9*02 (F),NA,in-frame,tgtgctgctgaggccgtgggcaggggctacaaacttaccttc,gcagagataagcccagggttttcccagtcacgacgggtgaaggaacaaaggagaatgggaggctaaagtcagcatttgattctaaggagcgctacagcaccctgcacatcagggatgcccagctggaggactcaggcacttacttctgtgctgctgaggccgtgggcaggggctacaaacttaccttcgggacaggaacaagcttgttggttgatccaaacatccagaacccagaacctgctgtgtaccagttaaaagatcctcggtctcaggacagcagcggt
45,SampleP01A05_5-16,productive,"Musmus TRAV4D-4*03 (F), or Musmus TRAV4D-4*04 F or Musmus TRAV4N-4*01 F",Musmus TRAJ9*02 (F),NA,in-frame,tgtgctgctgaggccgtgggcaggggctacaaacttaccttc,gcagagataagcccagggttttcccagtcacgacgggtgcaggaacaaaggagaatgggaggctaaagtcagcatttgattctaaggagcgctacagcaccctgcacatcagggatgcccagctggaggactcaggcacttacttctgtgctgctgaggccgtgggcaggggctacaaacttaccttcgggacaggaacaagcttgttggttgatccaaacatccagaacccagaacctgctgtgtaccagttaaaagatcctcggtctcaggacagcagcggt
46,SampleP01A05_6-13,unproductive,"Musmus TRAV7-5*01 F, or Musmus TRAV7D-5*01 F",Musmus TRAJ22*01 F,NA,out-of-frame,tgtgcagttaatcttctggcagctggcaactcatcttt,gcagagataagcccagggttttcccagtcacgaccagggcttccttcaactgcacgttcagtgatggtacttctaacaacttcaggtggtacagacagcattctgcgaaaggccttgaggtgctagtgtccatcttctctgatggtgaaaaggaagaaggcagatttacagctcacctcaatagagccaacttgcatgtttccctacacatcagagaaccacaacccagtgactctgctgtctacctctgtgcagttaatcttctggcagctggcaactcatctttggatctggaacccaactgacagttatgcctgacatccagaacccagaacctgctgtgtaccagttaaaagatcctcggtctcaggacagcagcggt
47,SampleP01A05_7-12,productive,Musmus TRAV4-4/DV10*01 F,Musmus TRAJ9*02 (F),NA,in-frame,tgtgctgctgaggccgtgggcatgggctacaaacttaccttc,gcagagataagcccagggttttcccagtcacgactgcaggagggggagaatgggaggctaaagtcagcatttgattctaaggagcgctacagcaccctgcacatcagggatgcccagctggaggactcaggcacttacttctgtgctgctgaggccgtgggcatgggctacaaacttaccttcgggacaggaacaagcttgttggttgatccaaacatccagaacccagaacctgctgtgtaccagttaaaagatcctcggtctcaggacagcagcggt
48,SampleP01A05_8-12,unproductive,"Musmus TRAV7-5*01 F, or Musmus TRAV7D-5*01 F",Musmus TRAJ22*01 F,NA,out-of-frame,tgtgcagttaatcttctggcagctggcaactcatcttt,gcagagataagcccagggttttcccagtcacgaccaggacttctttcaactgcacgttcagtgatggtacttctaacaacttcaggtggtacagacagcattctgcgaaaggccttgaggtgctagtgtccatcttctctgatggtgaaaaggaagaaggcagatttacagctcacctcaatagagccaacttgcatgtttccctacacatcagagaaccacaacccagtgactctgctgtctacctctgtgcagttaatcttctggcagctggcaactcatctttggatctggaacccaactgacagttatgcctgacatccagaacccagaacctgctgtgtaccagttaaaagatcctcggtctcaggacagcagcggt
49,SampleP01A05_9-11,unproductive,"Musmus TRAV7-5*01 F, or Musmus TRAV7D-5*01 F",Musmus TRAJ22*01 F,NA,out-of-frame,tgtgcagttaatcttctggcagctggcaactcatcttt,gcagagataagcccagggttttcccagtcacgaccagggcttctttcaactgcacgttcagtgatggtacttctaacaacttcaggtggtacagacagcattctgcgaaaggccttgaggtgctagtgtccatcttctctgatggtgaaaaggaagaaggcagatttacagctcacctcaatagagccaacttgcatgtttccctacacatcagagaaccacaacccagtgactctgctgtctacctctgtgcagttaatcttctggcagctggcaactcatctttggatctggaacccaactgacagttatgcctgacatccagaacccagaacctgctgtgtaccagttaaaagatcctcggtctcaggacagcagcggt
